"0","# Load the ggplot2 package"
"0","library(ggplot2)"
"0",""
"0","# Create a scatter plot of Petal.Length vs Petal.Width, colored by Species"
"0","ggplot(data = iris, aes(x = Petal.Length, y = Petal.Width, color = Species))+ "
"0","  geom_point(size = 5, alpha = 0.5) +  # Add points with custom size and transparency"
"0","  geom_smooth(method = ""lm"", se = FALSE, linetype = ""dashed"") +  # Add linear model lines"
"0","  labs("
"0","    title = ""Scatter Plot of Iris Petal Dimensions"","
"0","    x = ""Petal Length (cm)"","
"0","    y = ""Petal Width (cm)"""
"0","  ) +"
"0","  theme_dark() +  # Use a minimal theme for a clean look"
"0","  theme(plot.title = element_text(hjust = 0.5, face = ""bold""))"
"1","[38;5;255m`geom_smooth()` using formula = 'y ~ x'[39m
"
